id;annee;session;source_pdf;bloc_annale;sous_matiere_app;titre_cas;theme;sous_theme;enonce_resume;questions_resume;correction_resume;points_cles;pieges;priorite_provisoire;statut
CAS_2021_S2_PARA_001;2020-2021;S2;infectio 20-21 ses 2.pdf;Cas clinique à orientation parasitologique;Parasitologie-Mycologie;Accès palustre après retour du Burkina Faso;Paludisme;Plasmodium ovale, goutte épaisse, frottis sanguin, hypnozoïtes, récidive, prévention;Ingénieur agronome de 32 ans, retour du Burkina Faso, fièvre et frissons depuis 2 jours, suspicion d’accès palustre.;Délai de réponse frottis/goutte épaisse | principe, avantages et limites de la goutte épaisse | compatibilité de Plasmodium ovale avec Burkina Faso | indication d’hospitalisation | risque de récidive | conseils de prévention | possibilité de nouvel accès 6 mois après sans voyage;"Réponse attendue en 2h. Goutte épaisse = concentration et coloration au Giemsa, très sensible mais lecture difficile ; frottis sanguin utile pour identifier l’espèce. P. ovale est compatible avec l’Afrique de l’Ouest. Le résultat seul, avec 0,01% d’hématies parasitées, n’est pas un argument suffisant d’hospitalisation. Récidive possible par formes hépatiques persistantes/hypnozoïtes. Prévention : protection anti-moustiques, moustiquaire, chimioprophylaxie selon destination.";Paludisme = urgence diagnostique | frottis/goutte épaisse à obtenir rapidement | P. ovale présent en Afrique de l’Ouest | hypnozoïtes hépatiques | récidive possible sans nouveau voyage | prévention anti-vectorielle et chimioprophylaxie;"Ne pas exclure un accès palustre parce qu’il n’y a pas eu de nouveau voyage ; ne pas confondre goutte épaisse et frottis ; ne pas décider l’hospitalisation uniquement sur l’espèce ou une parasitémie faible.";Très haute;Non vu
CAS_2021_S2_BACT_001;2020-2021;S2;infectio 20-21 ses 2.pdf;Cas clinique à orientation bactériologique;Bactériologie;Méningite bactérienne à méningocoque chez un nourrisson;Méningite bactérienne;Neisseria meningitidis, purpura, LCR bactérien, Gram, sérogroupe C, capsule, déclaration obligatoire, PLP;Enfant de 1 an amené aux urgences pour fièvre à 39°C depuis 48h avec raideur méningée. LCR trouble, 1300 leucocytes/mm3 dont 97% de PNN, hypoglycorachie, hyperprotéinorachie, CRP élevée, hyperleucocytose, puis apparition d’une tache purpurique.;Arguments biologiques de méningite | arguments pour origine bactérienne | germe probable | aspect au Gram | transmission et niche écologique | signification du sérogroupe | implication vaccinale | déclaration obligatoire | mécanisme de sensibilité intermédiaire à l’amoxicilline;Arguments de méningite : pléiocytose et hyperprotéinorachie. Origine bactérienne : LCR trouble, PNN majoritaires, leucocytes élevés, hypoglycorachie. Germe probable : Neisseria meningitidis, méningocoque. Gram : cocci Gram négatif en diplocoques. Transmission interhumaine par gouttelettes, niche oropharynx. Sérogroupe = capsule. Implication majeure : vaccination. Infection à déclaration obligatoire. Sensibilité intermédiaire à l’amoxicilline liée à une modification des PLP, cible des bêta-lactamines.;LCR bactérien = PNN, hypoglycorachie, hyperprotéinorachie | purpura + méningite = méningocoque | cocci Gram négatif en diplocoques | gouttelettes | oropharynx | capsule | vaccination | déclaration obligatoire | PLP;"Ne pas confondre méningocoque et pneumocoque ; ne pas oublier le purpura comme indice majeur ; ne pas attribuer la résistance à une bêta-lactamase alors que le mécanisme attendu est une modification des PLP.";Très haute;Non vu
CAS_2021_S2_VIRO_001;2020-2021;S2;infectio 20-21 ses 2.pdf;Cas clinique à orientation virologique;Virologie;TROD VIH positif avec hépatite B chronique, suspicion VHC et lésion HSV-2;VIH, hépatite B, hépatite C, HSV-2;Dépistage VIH, confirmation, Ag p24, Western blot, déclaration obligatoire, charge virale, VHB chronique, ARN VHC, PCR HSV;Homme de 35 ans originaire d’Asie du Sud-Est, adressé après TROD VIH positif, altération de l’état général avec asthénie et amaigrissement. Bilan IST avec sérologie VHB pathologique, sérologie VHC positive, puis éruption vésiculeuse de la marge anale.;Confirmation du TROD positif | marqueurs détectés par l’examen | confirmation du diagnostic | démarche administrative | suivi virologique VIH | interprétation sérologie VHB | marqueurs complémentaires VHB | suivi virologique VHB | conduite devant sérologie VHC positive | agent probable lésion vésiculeuse | prélèvement | examen de laboratoire;TROD VIH positif à confirmer par sérologie VIH type ELISA. Marqueurs détectés : anticorps VIH-1/VIH-2 et antigène p24. Confirmation : Western blot puis second prélèvement ELISA selon correction. Démarche : déclaration obligatoire. Suivi VIH : charge virale. Profil VHB Ag HBs positif, anti-HBs négatif, anti-HBc positif, IgM anti-HBc négatif avec transaminases élevées : hépatite B chronique probable. Pour VHC positif : demander ARN VHC pour confirmer infection active. Lésion vésiculeuse marge anale : HSV-2 probable, confirmation par écouvillonnage de lésion et PCR.;VIH = ELISA, Ac VIH1/2, Ag p24, confirmation, déclaration obligatoire, charge virale | VHB chronique si Ag HBs+ et IgM anti-HBc- | VHC positif = ARN VHC | HSV-2 = PCR sur écouvillonnage de lésion;"Bien distinguer dépistage, confirmation et suivi ; ne pas conclure infection active VHC sans ARN ; ne pas faire une sérologie HSV pour confirmer une lésion active alors que le prélèvement de lésion avec PCR est attendu.";Très haute;Non vu
CAS_2021_S1_INF_001;2020-2021;S1;infectio 20-21 ses 1.pdf;Maladies infectieuses;Bactériologie;Tuberculose pulmonaire chez une patiente migrante;Tuberculose;Tuberculose maladie, tuberculose latente, diagnostic mycobactériologique, traitement, isolement, dépistage entourage;Femme de 34 ans, originaire du Mali, récemment arrivée en France après un parcours migratoire complexe, consultant pour fièvre à 38,5°C, toux et perte de 10 kg sur deux mois. Suspicion de tuberculose pulmonaire devant le tableau clinique et la radiographie thoracique.;Diagnostics compatibles | éléments prioritaires à l’interrogatoire | lésion radiographique principale | localisations extra-pulmonaires à rechercher | examens diagnostiques | bilan pré-thérapeutique | schéma thérapeutique | mesures d’hygiène | mesures associées | effets indésirables | facteurs de risque | complications non traitées | évolution après traitement | tuberculose latente dans l’entourage | risque de réactivation;correction_participative_a_verifier : le PDF indique que la correction de la partie Maladies infectieuses n’est pas intégrée dans le corrigé final. Correction attendue à vérifier avant usage définitif. Le raisonnement attendu porte sur tuberculose maladie plutôt que tuberculose latente, interrogatoire sur contage, traitement antérieur, VIH et hémoptysie, diagnostic par examens mycobactériologiques des expectorations ou tubages gastriques, bilan pré-thérapeutique avec bilan hépatique, NFS, VIH et test moléculaire de résistance à la rifampicine, traitement initial quadrithérapie puis bithérapie, précautions Air, déclaration obligatoire et dépistage de l’entourage.;Tuberculose maladie | toux fièvre amaigrissement | pays de haute endémie | caverne apicale | BAAR | expectorations/tubages gastriques | culture spécifique | pas de sérologie TB | quadrithérapie initiale | précautions Air | déclaration obligatoire | dépistage entourage | tuberculose latente si Quantiféron positif et radio normale;"Ne pas confondre tuberculose latente et tuberculose maladie ; ne pas utiliser le Quantiféron comme examen diagnostique principal d’une tuberculose maladie ; ne pas oublier l’isolement Air et la déclaration obligatoire ; ne pas traiter une tuberculose maladie par monothérapie.";Très haute;Non vu
CAS_2021_S1_INF_002;2020-2021;S1;infectio 20-21 ses 1.pdf;DP N2 Infectieux;Bactériologie;Dermohypodermite bactérienne du membre inférieur compliquée;Dermohypodermite bactérienne;Streptococcus pyogenes, intertrigo, porte d’entrée, amoxicilline, dermohypodermite nécrosante, urgence chirurgicale;Homme de 80 ans consultant pour fièvre depuis 48h, surpoids et lymphœdème chronique des membres inférieurs. L’examen des jambes évoque une dermohypodermite bactérienne non nécrosante. Une lésion interdigitale du pied est identifiée comme porte d’entrée probable. Le patient ne prend pas les antibiotiques, s’automédique par anti-inflammatoires, puis revient avec douleurs majorées, zones insensibles, crépitations sous-cutanées et syndrome inflammatoire majeur.;Diagnostic initial | germe le plus probable | aspect de Streptococcus pyogenes au Gram | facteurs de risque | identification de la porte d’entrée | étiologie de la lésion du pied | antibiotiques actifs sur Streptococcus pyogenes | traitement initial | durée d’amoxicilline | mécanisme d’action de l’amoxicilline | diagnostic de complication nécrosante | mesures thérapeutiques urgentes | mise à jour vaccinale;correction_a_verifier : le cas n’a pas de correction détaillée individualisée dans le corrigé final visible. Raisonnement attendu : dermohypodermite bactérienne non nécrosante initiale, Streptococcus pyogenes probable, cocci Gram positif en chaînettes, facteurs de risque lymphœdème et obésité, intertrigo/dermatophytie à Trichophyton rubrum comme porte d’entrée possible, traitement par amoxicilline, traitement antifongique local de la porte d’entrée et surélévation. L’aggravation avec douleur, zones insensibles et crépitations évoque une dermohypodermite nécrosante nécessitant antibiothérapie IV et chirurgie urgente.;Dermohypodermite non nécrosante | Streptococcus pyogenes | cocci Gram positif en chaînettes | lymphœdème | obésité | intertrigo interdigital | dermatophyte | amoxicilline | inhibition synthèse peptidoglycane | AINS à éviter | dermohypodermite nécrosante | chirurgie urgente | antibiothérapie IV;"Ne pas confondre DHBNN et DHBN ; ne pas banaliser les douleurs intenses, l’anesthésie cutanée ou les crépitations ; ne pas donner d’AINS ; ne pas attendre l’imagerie si nécrose fortement suspectée ; ne pas oublier de traiter la porte d’entrée mycosique.";Très haute;Non vu
CAS_2021_S1_PARA_001;2020-2021;S1;infectio 20-21 ses 1.pdf;Parasitologie;Parasitologie-Mycologie;Candidémie puis aspergillose pulmonaire invasive chez patient neutropénique;Candidémie et aspergillose invasive;Candida, neutropénie, cathéters, antibiothérapie large spectre, caspofungine, galactomannane, lavage broncho-alvéolaire, voriconazole;Homme de 70 ans hospitalisé en onco-hématologie pour leucémie myéloïde aiguë, traité par chimiothérapie d’induction, neutropénique et porteur de plusieurs cathéters dont un cathéter veineux central. Fièvre persistante malgré antibiothérapie large spectre. Une hémoculture est positive à champignon, orientant vers une candidémie. Après traitement par caspofungine, les hémocultures se négativent mais le patient reste fébrile avec toux, douleurs thoraciques et nodules pulmonaires au scanner, faisant suspecter une aspergillose pulmonaire invasive.;Diagnostic devant hémoculture positive à champignon | bilan d’extension d’une candidémie | facteurs de risque de candidémie | pathologies fréquentes à Candida | caractéristiques des Candida | levures pathogènes | caractéristiques de Candida albicans | traitement d’une candidémie | caspofungine | examens devant aspergillose pulmonaire invasive | marqueurs sériques | coloration de Grocott | espèce d’Aspergillus la plus fréquente | mode de contamination | traitement par voriconazole;"correction_pdf : réponses attendues du bloc parasitologie : Q1 A, Q2 BE, Q3 ABC, Q4 ABE, Q5 D avec A neutralisée, Q6 BD avec A neutralisée, Q7 ABD, Q8 AC, Q9 ABC, Q10 D, Q11 AD, Q12 BE, Q13 A, Q14 A, Q15 ACE. Le cas oppose clairement candidémie et aspergillose invasive : Candida est évoqué par l’hémoculture positive chez neutropénique avec cathéters ; Aspergillus est évoqué secondairement par les signes pulmonaires et nodules au scanner.";Candidémie | hémoculture positive à champignon | cathéter | antibiothérapie large spectre | neutropénie | fond d’œil | échographie cardiaque | Candida albicans | levure | bourgeonnement | caspofungine | échinocandine | ablation cathéter | antifongique systémique | aspergillose invasive | LBA | galactomannane | PCR Aspergillus | Grocott noir | Aspergillus fumigatus | voie aérienne | voriconazole;"Ne pas confondre Candida et Aspergillus ; ne pas chercher le galactomannane pour une candidémie ; ne pas considérer Aspergillus comme responsable habituel d’hémoculture positive ; ne pas confondre caspofungine et voriconazole ; ne pas oublier le retrait des cathéters dans la candidémie.";Très haute;Non vu
CAS_2022_S1_BACT_001;2021-2022;S1;infectio 21-22 ses 1.pdf;DP1;Bactériologie;Cystite simple, pyélonéphrite à E. coli BLSE puis colite à Clostridioides difficile;Infections urinaires et C. difficile;Cystite aiguë simple, ECBU, pyélonéphrite, bacilles Gram négatif, E. coli, BLSE, BMR, carbapénème, diarrhée post-antibiothérapie, C. difficile;Femme de 28 ans consultant initialement pour brûlures mictionnelles sans fièvre ni douleur lombaire, BU positive leucocytes/nitrites, diagnostic de cystite aiguë simple. Quelques mois plus tard, elle présente fièvre, frissons, douleurs lombaires, brûlures mictionnelles et pollakiurie, évoquant une pyélonéphrite. L’ECBU retrouve E. coli producteur de BLSE, puis après traitement par carbapénème, apparition d’une diarrhée évocatrice de Clostridioides difficile.;Prise en charge cystite simple | ECBU de contrôle inutile | règles de réalisation ECBU | diagnostic de pyélonéphrite | bactéries compatibles avec bacilles Gram négatif | germe prioritaire | traitement probabiliste pyélonéphrite | résistances E. coli | BLSE et BMR | recherche toxines C. difficile | spores et SHA | mesures d’hygiène hospitalières;Correction PDF : Q1 C, Q2 BCE, Q3 BDE, Q4 pyélonéphrite, Q5 ABE, Q6 Escherichia coli, Q7 AC, Q8 BC, Q9 BDE, Q10 C, Q11 BDE, Q12 ACDE. Le DP teste la stratégie complète : cystite simple traitée sans ECBU systématique, pyélonéphrite à E. coli, interprétation du Gram et de l’antibiogramme BLSE, puis complication post-antibiothérapie par C. difficile.;Cystite simple = fosfomycine-trométamol | pas d’ECBU de contrôle si guérison | ECBU deuxième jet | pyélonéphrite = fièvre + douleur lombaire + signes urinaires | E. coli prioritaire | bacilles Gram négatif | fluoroquinolones/C3G probabilistes selon contexte | BLSE = résistance C3G | BMR | précautions Contact | C. difficile post-antibiothérapie | toxines selles | spores résistantes SHA | lavage mains savon | chambre individuelle;"Ne pas traiter une bactériurie asymptomatique ; ne pas confondre cystite et pyélonéphrite ; ne pas attribuer toutes les résistances à la BLSE ; ne pas oublier les précautions Contact pour BLSE/C. difficile ; ne pas utiliser uniquement SHA contre les spores.";Très haute;Non vu
CAS_2022_S1_VIRO_001;2021-2022;S1;infectio 21-22 ses 1.pdf;DP2;Virologie;Méningite virale de l’enfant, méningite HSV-2 puis encéphalite herpétique/VZV;Méningites virales et encéphalites;Entérovirus, syndrome main-pied-bouche, méningite virale, HSV-2, récurrence génitale, PCR LCS, encéphalite herpétique, HSV-1, zona ophtalmique, VZV;Enfant de 5 ans avec fièvre, céphalées, vomissements, photophobie et raideur de nuque, avec contexte d’afflux d’enfants similaires et vésicules paumes/plantes/bouche, orientant vers entérovirus. Sa sœur de 19 ans présente plus tard une méningite virale avec brûlures génitales récidivantes évoquant HSV-2. La grand-mère de 70 ans présente ensuite un tableau d’encéphalite avec confusion, trouble du langage, convulsion et lésions vésiculeuses ophtalmiques évocatrices de zona/VZV.;Arguments pour méningite virale | virus responsable main-pied-bouche | caractéristiques entérovirus | orientation HSV-2/VZV | méningite HSV-2 | résultats LCS compatibles | récurrences HSV | encéphalites virales | urgence encéphalite herpétique | zona ophtalmique et VZV;Correction PDF : Q1 BE, Q2 entérovirus / pieds-mains-bouche, Q3 ACDE, Q4 CD, Q5 AC, Q6 BE, Q7 ABCE, Q8 AD, Q9 BCE, Q10 ACE. Le DP est très rentable car il couvre toute la chaîne neurologique virale : méningite virale simple, entérovirus, HSV-2 génital avec méningite, puis encéphalite herpétique et zona/VZV du sujet âgé.;Méningite virale = LCS lymphocytaire + contexte épidémique | entérovirus = main-pied-bouche + transmission féco-orale | méningite simple entérovirus peut éviter traitement spécifique | HSV-2 génital peut donner méningite | PCR HSV-2 LCS | HSV latence ganglions sensitifs | encéphalite herpétique = urgence diagnostique et thérapeutique | HSV-1 à rechercher | zona ophtalmique = traitement | VZV peut compliquer neurologiquement;"Ne pas confondre purpura avec méningite virale ; ne pas attendre de voir des virus en microscopie optique ; ne pas exclure VZV avant 50 ans ; ne pas attendre la PCR pour traiter une encéphalite herpétique suspectée ; ne pas diagnostiquer une encéphalite VZV seulement sur PCR de vésicule.";Très haute;Non vu
CAS_2022_S1_PARA_001;2021-2022;S1;infectio 21-22 ses 1.pdf;DP3;Parasitologie-Mycologie;Accès palustre simple à Plasmodium falciparum au retour du Mali;Paludisme à Plasmodium falciparum;Fièvre retour de zone d’endémie, recherche urgente de paludisme, frottis sanguin, Plasmodium falciparum, critères de gravité, traitement accès simple, prévention voyage;Femme de 45 ans travaillant dans une ONG au Mali, revenue depuis 10 jours, consultant pour diarrhée fébrile. Malgré le symptôme digestif, l’examen urgent attendu est la recherche de paludisme. Le frottis montre Plasmodium falciparum avec 1% de globules rouges parasités par des trophozoïtes jeunes. Le cas teste ensuite la transmission, le cycle, les espèces humaines, la gravité, le traitement oral de l’accès simple et la prévention d’un prochain voyage au Cameroun.;Examen urgent au retour du Mali | caractéristiques de P. falciparum | transmission | espèces humaines de Plasmodium | cycle chez l’homme | traitement accès simple | critères biologiques de gravité | critères cliniques de gravité | traitements possibles sans gravité | prévention du paludisme en voyage;Correction PDF : Q1 C, Q2 ADE, Q3 C, Q4 ACE, Q5 AD, Q6 AC, Q7 ACE, Q8 ACD, Q9 CE, Q10 AD. Le DP insiste sur le réflexe clé : toute fièvre au retour d’une zone d’endémie doit faire rechercher un paludisme en urgence.;Fièvre retour zone endémie = paludisme jusqu’à preuve du contraire | P. falciparum = protozoaire | transmis par moustique/anophèle | globules rouges | phase pré-érythrocytaire asymptomatique | accès simple = urgence thérapeutique mais pas toujours IV | atovaquone-proguanil | artéméther-luméfantrine | gravité : anémie sévère, créatinine élevée, hypoglycémie, trouble conscience, hémorragie, collapsus | prévention = chimioprophylaxie + moustiques;"Ne pas se laisser piéger par la diarrhée et oublier le paludisme ; ne pas confondre phlébotome et moustique ; ne pas attribuer les rechutes de P. vivax/ovale à P. falciparum ; ne pas confondre symptômes banals et critères de gravité ; ne pas proposer prévention alimentaire pour le paludisme.";Très haute;Non vu
CAS_2022_S2_VIRO_001;2021-2022;S2;infectio 21_22 ses 2.pdf;Sous-épreuve virologie - DP;Virologie;HSV-2 génital récidivant, diagnostic VIH, grossesse et AES;HSV-2, VIH, grossesse, AES;Herpès génital récidivant, PCR HSV sur lésion, ELISA VIH 4e génération, Western Blot, déclaration obligatoire, bilan initial VIH, transmission mère-enfant, diagnostic moléculaire nouveau-né, accident d’exposition au sang;Jeune femme de 23 ans originaire du Mali, récemment arrivée en France, consultant pour éruption génitale douloureuse récidivante depuis quatre ans, avec vésicules d’allure herpétique. La PCR HSV-2 est positive. Devant asthénie et adénopathies, un dépistage VIH est réalisé puis confirmé. Une grossesse de 8 semaines est découverte. Le cas se termine par un AES chez un soignant dans le box voisin.;Examen virologique HSV | risque HSV néonatal | dépistage VIH première intention | marqueurs ELISA 4e génération | confirmation VIH et déclaration | bilan initial VIH-1 | période à risque de transmission mère-enfant | diagnostic VIH du nouveau-né | voies de contamination VIH | examens après AES;Correction PDF : Q1 C, Q2 B, Q3 C, Q4 BCD, Q5 CE, Q6 ACE, Q7 accouchement/naissance/périnatale, Q8 C, Q9 ACD, Q10 ACD. Le DP combine un raisonnement de virologie clinique : HSV actif = PCR lésion, VIH = dépistage ELISA puis confirmation et bilan, grossesse = transmission périnatale, nouveau-né = diagnostic moléculaire, AES = évaluation patient source + sérologie soignant.;HSV-2 génital = PCR sur lésion | risque néonatal maximal si primo-infection proche accouchement | VIH = ELISA 4e génération | Ac VIH-1/2 + Ag p24 | prélèvement de contrôle | déclaration obligatoire | charge virale ARN VIH-1 | génotypage résistance | CD4 | transmission VIH sexuelle/sanguine/seringue | nouveau-né = ARN VIH-1 | AES = TROD/ELISA patient source + ELISA soignant;"Ne pas utiliser sérologie HSV pour confirmer une lésion ; ne pas confondre ELISA/Western Blot/charge virale ; ne pas diagnostiquer le nouveau-né par anticorps ; ne pas évoquer moustiques ou voie féco-orale pour VIH ; ne pas demander ARN VIH du soignant en première intention.";Très haute;Non vu
CAS_2022_S2_BACT_001;2021-2022;S2;infectio 21_22 ses 2.pdf;Sous-épreuve bactériologie - DP;Bactériologie;Pneumonie sévère communautaire, légionellose groupée puis diarrhée à Clostridioides difficile;Pneumonie bactérienne, Legionella, C. difficile;Pneumopathie sévère, crachat, pneumocoque, Legionella pneumophila, antigénurie, déclaration obligatoire, diffusion intracellulaire, réseau d’eau chaude, C. difficile, métronidazole;Femme de 70 ans hospitalisée en réanimation pour pneumopathie sévère avec fièvre brutale, toux, dyspnée et myalgies. Les tests SARS-CoV-2 et grippe sont négatifs. Un crachat est analysé, puis la patiente s’aggrave sous céphalosporine de 3e génération alors que d’autres habitants du même immeuble présentent le même tableau, orientant vers Legionella pneumophila. Après antibiothérapie hospitalière, elle développe une diarrhée aiguë fébrile évocatrice de Clostridioides difficile.;Interprétation de l’examen de crachat | prélèvement distal pour culture | première étiologie bactérienne des pneumonies communautaires | pneumocoque | pathogènes transitoires oropharyngés | Legionella devant cas groupés | antigénurie et déclaration obligatoire | antibiotique à diffusion intracellulaire | bactéries nécessitant diffusion intracellulaire | source environnementale | diarrhée post-antibiothérapie | traitement attendu C. difficile;Correction PDF : Q1 A, Q2 lavage broncho-alvéolaire / prélèvement distal protégé / LBA, Q3 Streptococcus pneumoniae / pneumocoque, Q4 AB, Q5 BD, Q6 Legionella pneumophila / Legionella spp., Q7 BD, Q8 macrolides / fluoroquinolones / quinolones, Q9 BD, Q10 réseau d’eau chaude / climatisation centrale / air conditionné, Q11 Clostridium difficile, Q12 métronidazole / Flagyl.;Pneumonie communautaire = pneumocoque fréquent | crachat interprété selon PNN/cellules épithéliales/seuils | LBA ou prélèvement distal protégé | Legionella = pneumonie sévère groupée + exposition hydrique + échec C3G | antigénurie utile | déclaration obligatoire | traitement par macrolide ou fluoroquinolone | source = réseau d’eau chaude/climatisation | C. difficile après antibiothérapie | métronidazole attendu dans annale;"Ne pas incriminer automatiquement un germe du crachat sans seuil ; ne pas oublier Legionella devant cas groupés ; ne pas mettre isolement Air pour légionellose ; ne pas traiter Legionella par bêta-lactamine seule ; ne pas oublier C. difficile après antibiothérapie hospitalière.";Très haute;Non vu
CAS_2023_S1_VIRO_001;2022-2023;S1;infectio 22_23 ses 1.pdf;Partie Virologie - DP;Virologie;Bronchiolite à VRS puis gastro-entérite virale du nourrisson;VRS, bronchiolite, gastro-entérites virales;VRS, transmission gouttelettes/manuportée, prélèvements nasopharyngés, tests antigéniques/PCR, rotavirus, norovirus, astrovirus, adénovirus, prélèvement de selles;Nourrisson de 6 mois vu aux urgences pour dyspnée sifflante au troisième jour d’une rhinopharyngite, avec tirage, râles sibilants/crépitants, fièvre et tachypnée, conduisant au diagnostic de bronchiolite. Deux mois plus tard, le même nourrisson présente une diarrhée aqueuse avec vomissements et plusieurs cas similaires à la crèche, orientant vers une gastro-entérite virale.;Agent principal bronchiolite | transmission VRS | autres étiologies virales respiratoires | vaccins disponibles virus respiratoires | prélèvements nasopharyngés | tests diagnostiques VRS | arguments gastro-entérite virale | virus responsables de diarrhées | prélèvement de selles | examens virologiques sur selles | modes de transmission;Correction PDF : Q1 VRS / virus respiratoire syncytial, Q2 AC, Q3 BCDE, Q4 ABE, Q5 AC, Q6 ABC, Q7 ABD, Q8 ABCE, Q9 prélèvement des selles / écouvillonnage rectal / PCR sur selles, Q10 ABCD, Q11 AB.;VRS = cause principale bronchiolite | transmission gouttelettes + contacts manuportés | diagnostic respiratoire = aspiration ou écouvillonnage nasopharyngé | VRS = test antigénique ou PCR | gastro-entérite virale = hiver + nourrisson + collectivité | virus digestifs = norovirus, rotavirus, astrovirus, adénovirus | prélèvement = selles / écouvillonnage rectal | diagnostic = antigène viral ou PCR;"Ne pas confondre virus respiratoires et digestifs ; ne pas utiliser sérologie pour VRS ; ne pas utiliser hémoculture pour diagnostic virologique ; ne pas classer VHA comme cause classique de diarrhée aiguë du nourrisson ; ne pas privilégier la culture virale dans les gastro-entérites courantes.";Très haute;Non vu
CAS_2022_S2_PARA_001;2021-2022;S2;infectio 21_22 ses 2.pdf;Sous-épreuve parasitologie - DP;Parasitologie-Mycologie;Candidémie en réanimation puis dermatophytose cutanée / Malassezia;Candidémie, dermatophytose, Malassezia;Réanimation, chirurgie digestive, cathéters, antibiothérapie large spectre, Candida albicans, identification MALDI-TOF, antifongiques, dermatophytes, Sabouraud, Malassezia;Homme de 65 ans hospitalisé en réanimation après chirurgie digestive lourde, avec fièvre persistante malgré antibiothérapie large spectre et cathéters jugulaire/fémoral. Une infection fongique invasive est suspectée, orientant vers une candidémie. Après traitement, il consulte pour une lésion cutanée annulaire prurigineuse à bordure inflammatoire, évocatrice d’une dermatophytose, puis le cas aborde Malassezia.;Infection fongique invasive probable | facteurs de risque de candidémie | caractéristiques des Candida | espèce la plus fréquente | Candida albicans commensal/pathogène | examens de laboratoire | molécules antifongiques | diagnostic de lésion cutanée | espèces dermatophytes | transmission dermatophytes | diagnostic dermatophytose | Malassezia | confirmation infection cutanée à Malassezia;Correction PDF : Q1 A, Q2 ABC, Q3 AD, Q4 C, Q5 BCE, Q6 ABD, Q7 BD, Q8 C, Q9 BCD, Q10 ABCE, Q11 ACE, Q12 annulée, Q13 AD. Le cas oppose candidémie invasive de réanimation et mycoses cutanées superficielles : dermatophytose et Malassezia.;Candidémie = réanimation + cathéters + antibiothérapie large + chirurgie digestive | Candida albicans fréquent | Candida = levure bourgeonnante | diagnostic = culture, MALDI-TOF, antifongigramme | traitement = fluconazole/échinocandines | dermatophytose = lésion annulaire squameuse | dermatophytes = Trichophyton/Microsporum/Epidermophyton | diagnostic = examen direct + culture Sabouraud | Malassezia = scotch-test/examen microscopique;"Ne pas confondre candidémie et aspergillose ; ne pas utiliser sérologie Candida ; ne pas confondre dermatophytose, candidose et Malassezia ; ne pas classer Malassezia parmi les dermatophytes ; ne pas utiliser la question Malassezia annulée comme mesure fiable de score.";Très haute;Non vu
CAS_2023_S1_BACT_001;2022-2023;S1;infectio 22_23 ses 1.pdf;Partie Bactério-hygiène - DP;Bactériologie;Otite moyenne aiguë compliquée de méningite à pneumocoque puis diarrhée hospitalière;Otite moyenne aiguë, méningite à pneumocoque, vaccins, infection entérique hospitalière;Streptococcus pneumoniae, Haemophilus influenzae, amoxicilline, PLP, pénicillinase, LCS, glycorachie, PCR, test antigénique, céfotaxime, vaccins obligatoires, capsule, virologie des selles, précautions contact;Nourrisson de 2 ans consultant pour fièvre, pleurs, frottement de l’oreille droite et tympan inflammatoire bombé avec collection purulente rétro-tympanique, conduisant au diagnostic d’otite moyenne aiguë. Après échec d’amoxicilline et apparition d’une raideur méningée, une ponction lombaire évoque une méningite bactérienne, puis la culture du LCS est positive à pneumocoque. Le cas aborde ensuite les vaccins obligatoires, le vaccin pneumococcique et une diarrhée hospitalière.;Agents d’OMA | mécanismes de résistance amoxicilline | leucocytes normaux LCS | donnée manquante pour interpréter glycorachie | diagnostic rapide pneumocoque sur LCS | caractéristiques céfotaxime | vaccins obligatoires | structure ciblée vaccin pneumococcique | examen diarrhée hospitalière | mesures d’hygiène infection entérique;Correction PDF : Q1 AC, Q2 ADE, Q3 3/4/5, Q4 glycémie, Q5 PCR / test antigénique, Q6 C, Q7 ABCDE, Q8 capsule, Q9 B, Q10 CE.;OMA = pneumocoque + H. influenzae | pneumocoque = modification PLP | H. influenzae = pénicillinase/PLP selon correction | LCS = leucocytes, glycorachie à interpréter avec glycémie | diagnostic rapide = PCR/test antigénique | céfotaxime = bêta-lactamine C3G | vaccin pneumococcique cible capsule | diarrhée hospitalière = virologie des selles selon correction | infection entérique = chambre seule + tablier soin direct;"Ne pas attribuer une pénicillinase au pneumocoque ; ne pas interpréter la glycorachie seule ; ne pas confondre céfotaxime avec C1G ; ne pas répondre peptidoglycane pour vaccin pneumococcique ; ne pas appliquer automatiquement C. difficile si la correction attend virologie des selles.";Très haute;Non vu
CAS_2023_S1_PARA_001;2022-2023;S1;infectio 22_23 ses 1.pdf;Partie Myco-Parasitologie - DP;Parasitologie-Mycologie;Toxoplasmose et grossesse;Toxoplasmose congénitale;Toxoplasma gondii, kystes, oocystes, IgG, IgM, séroconversion, prévention hygiéno-diététique, PCR liquide amniotique, bilan néonatal, surveillance postnatale;Femme de 25 ans primipare, sans antécédent, consultant pour suivi de grossesse. Une sérologie toxoplasmose est prescrite. Le bilan initial montre une absence d’IgG et d’IgM, donc une absence d’immunité. Une surveillance mensuelle et des mesures hygiéno-diététiques sont proposées. À 20 SA, l’apparition d’IgG et d’IgM conclut à une séroconversion récente, conduisant à une prise en charge materno-fœtale, une amniocentèse avec PCR toxoplasme et un bilan néonatal.;Nature de l’agent | formes contaminantes | caractéristiques de la toxoplasmose | moment de la sérologie initiale | anticorps recherchés | conduite si non immunisée | prévention hygiéno-diététique | transmission et gravité selon terme | prise en charge après séroconversion | bilan néonatal | conclusions et surveillance postnatale;Correction PDF : Q1 A, Q2 kyste / oocystes, Q3 ABD, Q4 premier trimestre, Q5 C, Q6 AD, Q7 ABCD, Q8 CE, Q9 ACE, Q10 ABE, Q11 BCE.;Toxoplasmose = parasite | formes contaminantes = kystes + oocystes | souvent asymptomatique mais grave immunodéprimé/grossesse | sérologie initiale premier trimestre | IgG + IgM | non immunisée = sérologie mensuelle + règles hygiéno-diététiques | prévention = litière avec gants, mains, crudités, viande crue | début grossesse = transmission faible mais gravité élevée | fin grossesse = transmission élevée mais gravité plus faible | séroconversion = échographie + PCR liquide amniotique + traitement/prophylaxie | bilan néonatal = ETF, fond d’œil, sérologies comparatives | surveillance postnatale nécessaire;"Ne pas proposer vaccin anti-toxoplasmose ; ne pas confondre oocyste/kyste avec œuf/larve ; ne pas associer toxoplasmose à une hyperéosinophilie typique ; ne pas inverser transmission et gravité selon le terme ; ne pas arrêter la surveillance si le bilan néonatal initial est négatif.";Très haute;Non vu
CAS_2023_S2_VIRO_001;2022-2023;S2;infectio 22-23 ses 2.pdf;DP Virologie;Virologie;Grossesse non suivie avec découverte d’hépatite B chronique et recherche du virus delta;VHB chronique, grossesse, VHD, séro-vaccination néonatale;Ag HBs, TROD VIH, rubéole, transmission mère-enfant VHB, séro-vaccination, IgM anti-HBc, Ag HBs persistant 6 mois, ADN VHB, Ag HBe, anti-HBe, hépatite D, vaccin VHB;Jeune femme de 25 ans originaire d’Afrique sub-saharienne, enceinte au dernier trimestre d’une grossesse non suivie, arrivant aux urgences à 21h30 pour accoucher. Le cas impose des dépistages urgents, notamment Ag HBs et VIH, puis explore le risque de transmission mère-enfant du VHB, la définition d’une hépatite B chronique, son suivi virologique, la recherche du VHD et la protection conférée par le vaccin contenant l’Ag HBs.;Dépistages virologiques urgents | immunité rubéole | transmission mère-enfant VHB | voies de transmission VHB | marqueur hépatite B aiguë | définition hépatite B chronique | sérologie VHB chronique | suivi virologique VHB | chronicité selon âge et immunité | virus à rechercher devant VHB chronique | caractéristiques VHD | protection vaccinale Ag HBs;Correction PDF : Q1 BD, Q2 Rubéole, Q3 ABDE, Q4 ABE, Q5 D, Q6 A, Q7 AB, Q8 ADE, Q9 DE, Q10 Hépatite D, Q11 BCD, Q12 AD.;Grossesse non suivie = Ag HBs + TROD VIH en urgence | rubéole = immunité obligatoire | VHB TME surtout accouchement | prévention = séro-vaccination néonatale | VHB = parentéral, materno-fœtal, sexuel | hépatite B aiguë = IgM anti-HBc | VHB chronique = Ag HBs positif >6 mois | suivi = charge virale VHB, Ag HBe, anti-HBe | chronicité surtout enfant/nouveau-né | rechercher VHD | VHD dépend Ag HBs et aggrave VHB | vaccin VHB protège aussi contre VHD;"Ne pas confondre VHB avec VHA/VHE ; ne pas retarder la séro-vaccination ; ne pas définir VHB chronique par un seuil isolé de charge virale ; ne pas oublier VHD chez porteur Ag HBs ; ne pas croire que le vaccin VHB protège seulement contre VHB et pas indirectement contre VHD.";Très haute;Non vu
CAS_2023_S2_BACT_001;2022-2023;S2;infectio 22-23 ses 2.pdf;DP Bactério-hygiène;Bactériologie;Infection urinaire masculine fébrile compliquée d’endocardite à Enterococcus faecalis et colonisation BHRe;Infection urinaire masculine, endocardite infectieuse, Enterococcus faecalis, BHRe;ECBU, hémocultures, cocci Gram positif en diplocoques et chaînettes, Streptococcus gallolyticus, streptocoques oraux, Enterococcus faecalis, porte digestive, antibiothérapie parentérale prolongée, antibioprophylaxie secondaire, E. coli producteur de carbapénèmase, BHRe;Patient de 75 ans hospitalisé pour fièvre, brûlures mictionnelles, difficulté à uriner et urines troubles, sans signe de choc initial. La prise en charge impose ECBU et hémocultures. Après hospitalisation, il présente brutalement un AVC, faisant suspecter une endocardite infectieuse. Les hémocultures et l’ECBU sont positifs à Enterococcus faecalis. Le cas se termine par le dépistage d’une colonisation digestive à Escherichia coli producteur de carbapénèmase dans un contexte de BHRe dans le service.;Prise en charge infection urinaire masculine | règles ECBU | réalisation hémocultures | hygiène prélèvement hémocultures | description Gram | agents d’endocardite selon Gram | porte d’entrée digestive E. faecalis | caractéristiques antibiothérapie endocardite | raison antibioprophylaxie secondaire | mesures d’hygiène BHRe;Correction PDF : Q1 BC, Q2 BCDE, Q3 ABCE, Q4 AB, Q5 cocci à Gram positif en diplocoques et chainettes, Q6 BCD, Q7 C, Q8 ABD, Q9 antécédent d’endocardite infectieuse / risque de récidive, Q10 ADE.;Infection urinaire masculine fébrile = ECBU + hémocultures | ECBU = deuxième jet, Gram rapide, antibiogramme 48h | hémocultures = plusieurs flacons, 10 mL/flacon, Gram si flacon positif | hygiène = gants + nettoyage peau souillée | endocardite = cocci Gram+ diplocoques/chaînettes | évoquer streptocoques/Enterococcus | E. faecalis = porte urinaire ou digestive | traitement endocardite = parentéral, prolongé, forte posologie | antécédent endocardite = prophylaxie gestes dentaires | E. coli carbapénèmase = BHRe, chambre individuelle, tablier soins directs;"Ne pas traiter comme une cystite simple ; ne pas faire Gram directement sur sang avant incubation ; ne pas recapuchonner l’aiguille ; ne pas confondre cocci en chaînettes et staphylocoques en amas ; ne pas oublier la porte digestive d’E. faecalis ; ne pas mettre de masque chirurgical pour une colonisation digestive BHRe.";Très haute;Non vu
CAS_2023_S2_PARA_001;2022-2023;S2;infectio 22-23 ses 2.pdf;DP Parasito-myco;Parasitologie-Mycologie;Voyage au Bénin avec prévention du paludisme, accès palustre puis amibiase hépatique;Paludisme et amibiase hépatique;Bénin, prophylaxie antipaludéenne, moustiquaire, insectifuge, Plasmodium, frottis sanguin, goutte épaisse, critères de gravité, artésunate IV, artéméther-luméfantrine, arténimol-pipéraquine, Entamoeba histolytica, abcès amibien du foie, métronidazole;Patient de 30 ans consultant avant une mission humanitaire d’un mois au Bénin dans des conditions sanitaires précaires. Le cas commence par les conseils de prévention, notamment prophylaxie antipaludéenne et protection anti-vectorielle. Au retour, il consulte pour diarrhée fébrile après mauvaise observance de la chimioprophylaxie, imposant une recherche urgente de paludisme par frottis sanguin et goutte épaisse. Le DP aborde ensuite les critères de gravité, les traitements de l’accès simple et grave, la prophylaxie d’un futur voyage, puis une suspicion d’abcès amibien du foie plusieurs mois plus tard.;Précautions avant voyage | prophylaxie paludisme | caractéristiques du paludisme | espèces Plasmodium humaines | examen urgent retour Bénin | critères cliniques de gravité | critères biologiques de gravité | traitement accès simple | traitement accès grave | prophylaxie futur séjour | diagnostic amibiase hépatique | agent Entamoeba histolytica | traitement métronidazole | transmission Entamoeba histolytica;Correction PDF : Q1 ABDE, Q2 ADE, Q3 ABE, Q4 ABCDE, Q5 E, Q6 CDE, Q7 ADE, Q8 ADE, Q9 A, Q10 C, Q11 ADE, Q12 Entamoeba histolytica, Q13 métronidazole / Flagyl / nitro-imidazolés, Q14 A.;Voyage tropical = hygiène alimentaire + éviter eau douce stagnante + éviter animaux + prophylaxie antipaludéenne | paludisme = protozoaire Plasmodium, potentiellement mortel | espèces humaines = knowlesi, falciparum, vivax, ovale, malariae | fièvre retour zone endémie = frottis + goutte épaisse en urgence | gravité clinique = convulsions, hémorragie, ictère | gravité biologique = hyperlactatémie, hypoxémie, créatinine élevée | accès grave = artésunate IV | prophylaxie future = même prophylaxie si mauvaise observance | amibiase hépatique = échographie, sérologie, PCR ponction | agent = Entamoeba histolytica | traitement = métronidazole | transmission = aliments/eau souillés;"Ne pas oublier le paludisme devant diarrhée fébrile au retour ; ne pas confondre Aedes et Anopheles ; ne pas mettre hyperéosinophilie comme critère de gravité du paludisme ; ne pas croire qu’un accès palustre immunise ; ne pas confondre amibiase avec transmission vectorielle ou bilharziose ; ne pas confondre Entamoeba histolytica et Entamoeba dispar.";Très haute;Non vu
CAS_2024_S1_BACT_001;2023-2024;S1;infectio 23_24 session 1.pdf;DP1 Bactério;Bactériologie;Diarrhée glairo-sanglante au retour d’Algérie, shigellose, SHU à STEC puis bactériémie à SARM;Shigellose, STEC/SHU, SARM;Diarrhée glairo-sanglante, coproculture, Shigella, BLSE, ciprofloxacine, E. coli producteur de Shiga-toxine, PCR selles, SHU, Staphylococcus aureus, SARM, vancomycine, précautions Contact, portage nasal;Enfant de 3 ans revenant d’Algérie avec fièvre et diarrhée glairo-sanglante. Le cas évoque une shigellose confirmée par coproculture, puis une Shigella sonnei multirésistante aux bêta-lactamines avec mécanisme BLSE. Une semaine plus tard, l’enfant présente insuffisance rénale, thrombopénie et anémie hémolytique, orientant vers un SHU dû à un E. coli producteur de Shiga-toxine. Après hospitalisation, une hémoculture devient positive à cocci Gram positif en amas, identifiés comme SARM.;Agents compatibles diarrhée glairo-sanglante | confirmation shigellose | bactéries de coproculture standard | mécanisme BLSE | mécanisme ciprofloxacine | agent du SHU | diagnostic STEC par PCR | cocci Gram positif en amas | traitement SARM | précautions complémentaires SARM | site de portage S. aureus;"Correction PDF : Q1 AC, Q2 D, Q3 deux parmi Yersinia/Campylobacter/Salmonella, Q4 BLSE, Q5 AD, Q6 B, Q7 PCR, Q8 E, Q9 A, Q10 B, Q11 fosses nasales antérieures / nez / prélèvement de narine ; nasopharynx non accepté.";Diarrhée glairo-sanglante = Shigella ou Entamoeba histolytica | shigellose = coproculture | coproculture standard = Salmonella/Campylobacter/Yersinia | résistance C3G sensible carbapénèmes = BLSE | ciprofloxacine = inhibition ADN gyrase/topoisomérase | SHU = E. coli producteur de Shiga-toxine | STEC = PCR selles | cocci Gram+ amas = Staphylococcus aureus | SARM = vancomycine | SARM = précautions Contact | portage = fosses nasales antérieures;"Ne pas confondre diarrhée invasive et toxinique ; ne pas confondre BLSE et carbapénémase ; ne pas attribuer le SHU à ETEC ; ne pas traiter SARM par bêta-lactamines classiques ; ne pas classer SARM comme BHRe ; ne pas répondre nasopharynx pour le portage.";Très haute;Non vu
CAS_2024_S1_PARA_001;2023-2024;S1;infectio 23_24 session 1.pdf;DP2 Parasito;Parasitologie-Mycologie;Retour de Côte d’Ivoire avec suspicion de paludisme, hyperéosinophilie, giardiose et schistosomose;Paludisme, hyperéosinophilie, giardiose, schistosomose;Côte d’Ivoire, fièvre au retour, anophèle, Plasmodium falciparum, frottis sanguin, goutte épaisse, test antigénique rapide, critères de gravité, hyperéosinophilie, Giardia intestinalis, métronidazole, Schistosoma, eaux douces;Jeune homme de 20 ans revenu depuis deux jours d’un séjour de trois semaines en Côte d’Ivoire, présentant une sensation de fièvre et des troubles gastriques. Le cas commence par les conseils de prévention avant voyage, la vaccination obligatoire fièvre jaune et la chimioprophylaxie du paludisme. Comme il n’a pas suivi les recommandations, un accès palustre est suspecté. Après traitement d’un accès simple à P. falciparum, une hyperéosinophilie est explorée, révélant Giardia intestinalis et une sérologie schistosomose positive.;Conseils avant voyage | vaccination obligatoire destination | chimioprophylaxie paludisme | transmission paludisme | cycle P. falciparum | symptômes paludisme | diagnostic biologique paludisme | critères paludisme grave | parasitoses avec hyperéosinophilie | bilan hyperéosinophilie | traitement giardiose | genre de la schistosomose | contamination schistosomose;Correction PDF : Q1 ABCE, Q2 A, Q3 AC, Q4 piqûre de moustiques infectés / anophèle femelle, Q5 A, Q6 ABCDE, Q7 BDE, Q8 ABCDE, Q9 AC, Q10 ACE, Q11 B, Q12 Schistosoma, Q13 E.;Voyage Côte d’Ivoire = fièvre jaune obligatoire + prévention paludisme + hygiène alimentaire + éviter eau douce | paludisme = piqûre d’anophèle, cycle hépatique et sanguin | symptômes = fièvre, frissons, céphalées, fatigue, troubles digestifs | diagnostic = frottis, goutte épaisse, test antigénique rapide | gravité = hypoglycémie, coma, détresse respiratoire, anémie sévère, hémorragie/CIVD | hyperéosinophilie = schistosomose/anguillulose | bilan = urines 24h, selles x3, sérologie schistosomose | giardiose = métronidazole | schistosomose = Schistosoma, baignade en eau douce;"Ne pas utiliser sérologie pour diagnostiquer un accès palustre aigu ; ne pas oublier les troubles digestifs dans le paludisme ; ne pas confondre hyperéosinophilie avec toxoplasmose/amibiase ; ne pas traiter Giardia par ivermectine ou fluconazole ; ne pas confondre schistosomose avec transmission moustique ou féco-orale.";Très haute;Non vu
CAS_2024_S1_VIRO_001;2023-2024;S1;infectio 23_24 session 1.pdf;DP3 Virologie;Virologie;Grossesse non immunisée contre la rubéole, prévention vaccinale et dépistage HPV/cancer du col;Rubéole grossesse, HPV, dépistage cancer du col;Rubéole, Ag HBs, syphilis, toxoplasmose, VIH recommandé, IgG rubéole, IgM rubéole, ELISA, rubéole congénitale, vaccin ROR, frottis cervico-vaginal, cytologie, PCR HPV, vaccination HPV;Madame MAR, 28 ans, enceinte de 14 SA de son premier enfant, se présente à sa première consultation prénatale. Le cas teste les sérologies obligatoires, la place du VIH comme sérologie recommandée, l’immunité rubéole, la conduite devant une absence d’immunité, le vaccin ROR et les risques de rubéole congénitale. Le suivi prénatal révèle aussi l’absence de dépistage du cancer du col, ce qui introduit les questions sur HPV, cytologie, PCR HPV et vaccination.;Sérologies obligatoires première consultation | sérologie virale recommandée | vaccins disponibles | sérologie rubéole | risque rubéole congénitale | conduite si non immunisée | vaccin rubéole | clinique primo-infection rubéolique | cancer col utérus | dépistage 25-30 ans | dépistage >30 ans | vaccination HPV | infections HPV;Correction PDF : Q1 ABCE, Q2 VIH, Q3 DE, Q4 ADE, Q5 ABDE, Q6 A, Q7 ABE, Q8 BCD, Q9 CE, Q10 examen cytologique, Q11 PCR HPV, Q12 ACD, Q13 ABDE.;Grossesse = rubéole, Ag HBs, syphilis, toxoplasmose obligatoires selon correction | VIH = recommandé | vaccins = VHB et rubéole | rubéole = IgG, ELISA, tube sec | non immunisée = contrôle à 20 SA, pas vaccination immédiate | ROR = vaccin combiné vivant atténué obligatoire enfant | primo-rubéole = contagieuse avant éruption, maculo-papuleuse, gouttelettes | HPV = quasi-totalité cancers col | dépistage = frottis, cytologie 25-30 ans, PCR HPV >30 ans | vaccination HPV recommandée filles et garçons 11-14 ans | persistance HPV haut risque = facteur majeur de cancer;"Ne pas confondre obligatoire et recommandé pour VIH ; ne pas vacciner rubéole pendant la grossesse ; ne pas dire qu’IgM exclut une primo-infection ; ne pas inverser le risque de rubéole congénitale au premier trimestre ; ne pas faire PCR HPV chez toutes les femmes ; ne pas attribuer les cancers du col au HPV 6.";Très haute;Non vu
CAS_2024_S2_PARA_001;2023-2024;S2;infectio 23-24 session 2.pdf;DP1 Parasito-myco;Parasitologie-Mycologie;Patient VIH avancé avec suspicion de cryptococcose, pneumocystose et candidose oropharyngée;VIH, cryptococcose, pneumocystose, candidose oropharyngée;VIH CD4 50, infections opportunistes, Cryptococcus neoformans, LCS, encre de Chine, antigène cryptococcique, voie respiratoire, scanner en verre dépoli, pneumocystose, LBA, PCR, bêta-D-glucanes, Candida albicans, Sabouraud, MALDI-TOF, nystatine;Patient de 45 ans séropositif pour le VIH avec un taux de CD4 à 50 cellules/mm3, consultant pour toux fébrile depuis deux semaines et céphalées persistantes. L’examen ne retrouve pas de raideur méningée, mais une infection opportuniste est suspectée. Le bilan comprend scanner thoracique, ponction lombaire et lavage broncho-alvéolaire. Le cas explore la cryptococcose neuroméningée, la pneumocystose devant des images en verre dépoli, puis une candidose oropharyngée devant brûlures buccales et plaques blanchâtres.;Pathologies fongiques opportunistes suspectables | diagnostic cryptococcose sur LCS | caractéristiques Cryptococcus neoformans | voie de contamination cryptococcose | scanner en verre dépoli | infection fongique pulmonaire probable | diagnostic Pneumocystis sur LBA | particularités bêta-D-glucanes | agent candidose oropharyngée | morphologie Candida albicans | examens de laboratoire Candida | traitement candidose oropharyngée;Correction PDF : Q1 ACE, Q2 ACD, Q3 CD, Q4 C, Q5 B, Q6 Pneumocystose, Q7 AD, Q8 ABDE, Q9 Candida albicans, Q10 DE, Q11 ADE, Q12 D.;VIH CD4 50 = infections opportunistes | cryptococcose = LCS, encre de Chine, antigène spécifique, PCR, levure capsulée, voie respiratoire | verre dépoli chez VIH = pneumocystose | Pneumocystis sur LBA = examen direct + PCR, pas culture | bêta-D-glucanes = positifs pneumocystose/candidose, pas cryptococcose | candidose oropharyngée = Candida albicans | Candida = pseudo-filaments + levures bourgeonnantes | labo = culture Sabouraud, MALDI-TOF, antifongigramme | traitement = amphotéricine B locale ou nystatine;"Ne pas utiliser bêta-D-glucanes pour cryptococcose ; ne pas confondre Pneumocystis avec Aspergillus/galactomannane ; ne pas proposer culture pour Pneumocystis ; ne pas confondre Candida avec Cryptococcus capsulé ou Mucorales ; ne pas traiter candidose oropharyngée par corticoïdes, cotrimoxazole ou terbinafine.";Très haute;Non vu
CAS_2024_S2_BACT_001;2023-2024;S2;infectio 23-24 session 2.pdf;DP2 Bactériologie-Hygiène;Bactériologie;Otite moyenne aiguë à Haemophilus influenzae résistant puis angine à Streptococcus pyogenes;Otite moyenne aiguë, H. influenzae, angine, Streptococcus pyogenes;Otite moyenne aiguë, Streptococcus pneumoniae, Haemophilus influenzae, microbiote nasopharyngé, capsule, vaccins, amoxicilline, bacille Gram négatif, résistance amoxicilline, pénicillinase, BLSE selon correction, précaution gouttelettes, angine, TROD, Streptococcus pyogenes;"Maximilien, 12 mois, consulte pour irritabilité, pleurs, sommeil perturbé et otalgie droite. L’examen otoscopique montre un tympan bombé avec pus rétrotympanique sans écoulement, associé à une fièvre à 38°C, conduisant au diagnostic d’otite moyenne aiguë. Un traitement probabiliste par amoxicilline est prescrit. Trois jours plus tard, le tympan est perforé avec écoulement purulent ; la culture du pus d’oreille isole Haemophilus influenzae résistant à l’amoxicilline mais sensible à amoxicilline-acide clavulanique et ceftriaxone. Deux ans plus tard, l’enfant consulte pour angine aiguë, avec discussion du TROD et du traitement de Streptococcus pyogenes.";Agents fréquents OMA | points communs pneumocoque-Haemophilus | démarche diagnostique OMA | traitement probabiliste | aspect Gram H. influenzae | probabilité résistance amoxicilline H. influenzae | mécanisme résistance bêta-lactamines | précautions hospitalières | agents fréquents angine | TROD angine | traitement angine streptocoque A | résistance amoxicilline S. pyogenes;Correction PDF : Q1 CD, Q2 BCDE, Q3 A, Q4 B, Q5 D, Q6 B, Q7 BLSE, Q8 B, Q9 AE, Q10 C, Q11 amoxicilline, Q12 A. Attention : la Q7 semble incohérente avec l’énoncé, car le profil amoxicilline résistante / amoxicilline-acide clavulanique sensible / ceftriaxone sensible évoque plutôt une pénicillinase simple chez H. influenzae, et la Q8 parle elle-même de producteur de pénicillinase.;OMA = Streptococcus pneumoniae + Haemophilus influenzae | les deux peuvent coloniser le nasopharynx/oropharynx, produire une capsule, causer méningites/bactériémies et être ciblés par des vaccins | OMA simple = diagnostic clinique, pas recherche étiologique systématique | traitement probabiliste = amoxicilline | H. influenzae = bacille Gram négatif | résistance amoxicilline H. influenzae ≈ 10-25% | mécanisme à comprendre = pénicillinase, mais correction Q7 = BLSE | hospitalisation H. influenzae = gouttelettes selon correction | angine enfant = virus respiratoires + Streptococcus pyogenes | diagnostic = TROD amygdales | traitement = amoxicilline | résistance S. pyogenes à amoxicilline = 0%;"Ne pas chercher systématiquement l’agent d’une OMA simple ; ne pas confondre H. influenzae avec pneumocoque au Gram ; ne pas classer H. influenzae comme BHRe ; ne pas prescrire antibiotiques pour angine sans TROD ; ne pas utiliser ASLO en aigu ; ne pas croire que S. pyogenes devient résistant à l’amoxicilline.";Très haute;Non vu
CAS_2024_S2_VIRO_001;2023-2024;S2;infectio 23-24 session 2.pdf;DP3 Virologie;Virologie;Grippe chez patient transplanté rénal diabétique, diagnostic virologique, oseltamivir et vaccination antigrippale;Grippe saisonnière, influenza, oseltamivir, vaccination antigrippale;Influenza A, influenza B, TROD, prélèvement nasopharyngé, RT-PCR, gouttelettes, ARN segmenté, glissement antigénique, cassure antigénique, oseltamivir, neuraminidase, vaccin antigrippal, grossesse;Le 15 janvier 2024, Monsieur DOM, 42 ans, transplanté rénal depuis 10 ans et diabétique de type 2, est vu à domicile pour fièvre brutale à 39 °C. Il présente toux, dyspnée, myalgies et céphalées. Le médecin suspecte une grippe et l’adresse à l’hôpital en raison de sa fragilité. Le cas aborde les arguments cliniques, le diagnostic au domicile par TROD, le diagnostic hospitalier par RT-PCR, les virus influenza A/B, la transmission, les facteurs de risque de grippe sévère, le traitement par oseltamivir et la vaccination antigrippale, y compris chez sa femme enceinte.;Arguments en faveur grippe | confirmation au domicile | agents grippe saisonnière | virus à transmission respiratoire | glissement et cassure antigénique | transmission influenza | physiopathologie influenza | facteurs de risque de grippe sévère | diagnostic hospitalier | mécanisme oseltamivir | vaccination antigrippale | conduite femme enceinte non vaccinée;Correction PDF : Q1 ABD, Q2 TROD sur prélèvement nasopharyngé, Q3 BD, Q4 ABE, Q5 BCE, Q6 ABDE, Q7 ABC, Q8 ABDE, Q9 RT-PCR sur prélèvement nasopharyngé, Q10 inhibition de la neuraminidase virale, Q11 ABE, Q12 D.;Grippe = hiver + fièvre brutale + toux + myalgies | domicile = TROD nasopharyngé | hôpital = RT-PCR nasopharyngée | grippe saisonnière = influenza A/B | transmission = gouttelettes, objets souillés possibles, contagiosité avant symptômes | influenza = ARN segmenté, glissement antigénique, cassures possibles pandémiques, atteinte épithélium respiratoire | facteurs sévères = immunodépression, obésité, insuffisance cardiaque, diabète | oseltamivir = inhibiteur neuraminidase | vaccin grippe = quadrivalent, modifié chaque année, recommandé soignants | grossesse = vaccination immédiate;"Ne pas confondre influenza et Haemophilus influenzae ; ne pas confondre facteur de risque de gravité et argument diagnostique ; ne pas dire virémie fréquente ; ne pas répondre sérologie pour la grippe ; ne pas attendre l’accouchement pour vacciner une femme enceinte ; ne pas confondre oseltamivir avec un antiviral anti-VIH ou anti-herpès.";Très haute;Non vu
CAS_2025_S1_PARA_001;2024-2025;S1;Infectio 24-25 ses 1.pdf;DP1 Parasito-myco;Parasitologie-Mycologie;Intertrigo à Candida chez patient diabétique puis candidémie post-opératoire à Candida albicans;Candidose superficielle, candidémie, Candida albicans;Diabète, macération, surcharge pondérale, Candida albicans, intertrigo, candidose buccale, vulvo-vaginite, balano-postite, Sabouraud, examen direct, MALDI-TOF, cathéter veineux central, antibiothérapie large spectre, chirurgie digestive, hémoculture positive, fond d’œil, caspofungine;Homme de 55 ans, diabétique de type 2 mal équilibré et en surpoids, de retour du Cambodge, consultant pour lésions prurigineuses et douloureuses des plis inguinaux et interfessier. L’examen retrouve un érythème suintant bordé d’une collerette squameuse avec vésiculo-pustules périphériques, évoquant un intertrigo à Candida. Quelques semaines plus tard, il est hospitalisé pour occlusion intestinale avec chirurgie digestive, cathéter veineux central et antibiothérapie large spectre pour péritonite post-opératoire. Au septième jour, une fièvre persistante et une hémoculture positive à Candida albicans confirment une candidémie.;Facteurs de risque candidose superficielle | espèce Candida la plus probable | infections fréquentes à Candida | caractéristiques Candida | examens de laboratoire intertrigo | identification MALDI-TOF | champignons superficiels hors Candida | facteurs de risque candidose invasive | aspect Gram hémoculture | diagnostic candidémie | organe à évaluer bilan extension | traitement candidémie;Correction PDF : Q1 ABC, Q2 Candida albicans, Q3 ABE, Q4 BCE, Q5 AB, Q6 C, Q7 BCE, Q8 ABD, Q9 B, Q10 ABE, Q11 œil, Q12 caspofungine.;"Intertrigo Candida = diabète + macération + surcharge pondérale | espèce probable = Candida albicans | Candida donne candidose buccale, vulvo-vaginite, balano-postite | Candida glabrata ne filamente pas ; Candida albicans est commensal digestif/génital ; colonies blanches crémeuses sur Sabouraud | diagnostic superficiel = examen direct + culture Sabouraud | identification = MALDI-TOF | autres mycoses superficielles = Trichophyton, Microsporum, Malassezia | candidémie = cathéter + antibiothérapie large spectre + chirurgie digestive | Gram = levures et pseudo-mycélium Gram positifs | une seule hémoculture positive suffit | bilan extension = cœur + œil | traitement = caspofungine";"Ne pas attribuer l’intertrigo au voyage tropical ; ne pas utiliser bêta-D-glucanes/sérologie pour candidose superficielle ; ne pas oublier que Candida peut être vu au Gram ; ne pas considérer la sérologie Candida comme test clé ; ne pas oublier le fond d’œil dans la candidémie ; ne pas confondre caspofungine avec antiparasitaires ou cotrimoxazole.";Très haute;Non vu
CAS_2025_S1_VIRO_001;2024-2025;S1;Infectio 24-25 ses 1.pdf;DP2 Virologie;Virologie;Vaccination de fin de grossesse puis primo-infection herpétique génitale avec risque d’herpès néonatal;Vaccination grossesse, HSV génital, herpès néonatal;Grippe, VRS, coqueluche, IgG transplacentaires, protection néonatale, HSV-1, HSV-2, PCR sur lésion, aciclovir, valaciclovir, herpès néonatal, césarienne, bilan IST;Femme de 29 ans suivie pour sa première grossesse, vue à 31 SA pour des questions sur les vaccinations proposées en fin de grossesse. Le cas teste les vaccins grippe, VRS et coqueluche, ainsi que l’intérêt du transfert placentaire des IgG pour protéger le nouveau-né. À 37 SA, elle consulte pour une éruption vésiculeuse génitale en bouquet apparue depuis deux jours, évoquant une primo-infection herpétique à HSV-1 ou HSV-2. Le dossier aborde la confirmation par PCR sur écouvillonnage de lésion, le traitement antiviral par aciclovir/valaciclovir, le risque d’herpès néonatal et la conduite autour de l’accouchement.;Vaccins proposés au 3e trimestre | intérêt vaccination maternelle | objectifs grippe/coqueluche/VRS | virus responsables éruption génitale | caractéristiques HSV | diagnostic microbiologique HSV | risque de primo-infection herpétique | antiviraux HSV | risque herpès néonatal et conduite | transmission et gravité herpès néonatal;Correction PDF : Q1 BCD, Q2 AD, Q3 ACE, Q4 AD, Q5 D, Q6 AB, Q7 D, Q8 aciclovir et valaciclovir, Q9 CDE, Q10 CE.;Grossesse 3e trimestre = vaccins grippe, VRS, coqueluche | vaccination maternelle = transfert IgG placentaire et protection du nouveau-né | grippe protège surtout la mère des formes sévères | coqueluche = entourage + à chaque grossesse | lésions génitales en bouquet = HSV-1 ou HSV-2 | diagnostic = écouvillonnage lésion + PCR HSV-1/HSV-2 | primo-infection proche terme = risque herpès néonatal | traitement HSV = aciclovir ou valaciclovir | risque maximal si primo-infection dans le mois avant accouchement | césarienne envisageable + bilan IST | contamination néonatale surtout à l’accouchement | gravité = formes neurologiques/disséminées;"Ne pas proposer ROR/BCG pendant grossesse ; ne pas croire que la localisation génitale est pathognomonique de HSV-2 ; ne pas utiliser la sérologie comme test principal de confirmation d’une lésion aiguë ; ne pas confondre récurrence et primo-infection pour le risque néonatal ; ne pas exclure l’herpès néonatal parce que le nouveau-né n’a pas de lésions visibles à la naissance.";Très haute;Non vu
CAS_2025_S1_BACT_001;2024-2025;S1;Infectio 24-25 ses 1.pdf;DP3 Bactériologie-Hygiène;Bactériologie;Urétrite purulente après rapport sexuel non protégé, recherche Chlamydia/gonocoque, primo-infection VIH puis syphilis primaire;IST, urétrite, Chlamydia, gonocoque, VIH, syphilis;Chlamydia trachomatis, Neisseria gonorrhoeae, gonocoque, PCR, culture, MALDI-TOF, examen direct, ceftriaxone, Gram, macrolides, doxycycline, VIH, PCR VIH, charge virale VIH, syphilis, sérologie, TT, TNT, benzathine benzylpénicilline;Homme de 50 ans consultant pour écoulement purulent urétral et brûlures mictionnelles apparus quelques jours après un rapport sexuel non protégé avec une partenaire non habituelle. Le médecin évoque une IST et recherche les deux bactéries les plus prévalentes : Chlamydia trachomatis et Neisseria gonorrhoeae. Le dossier aborde le diagnostic de l’urétrite gonococcique, son traitement par ceftriaxone, les particularités de Chlamydia au Gram et son traitement par antibiotiques intracellulaires. Un mois plus tard, le patient revient avec syndrome grippal et adénopathies, faisant évoquer une primo-infection VIH. Enfin, une lésion érosive indolore de la verge oriente vers une syphilis primaire active.;Bactéries IST les plus prévalentes | diagnostic urétrite gonocoque | traitement gonocoque | observation Gram Chlamydia | antibiotiques actifs sur Chlamydia | virus à évoquer syndrome grippal adénopathies | examen de suivi VIH | examen devant lésion indolore | résultats TT/TNT syphilis active | traitement syphilis primaire | agent à déclaration obligatoire;Correction PDF : Q1 AC, Q2 ABE, Q3 D, Q4 E, Q5 BCE, Q6 VIH, Q7 PCR VIH, Q8 sérologie, Q9 D, Q10 A, Q11 C.;IST urétrite = rechercher Chlamydia trachomatis + Neisseria gonorrhoeae | gonocoque = diagnostic par examen direct, culture/identification MALDI-TOF ou PCR | traitement gonocoque = ceftriaxone | Chlamydia = absence de germe visible au Gram | traitement Chlamydia = macrolides, tétracyclines ou fluoroquinolones | syndrome grippal + adénopathies après exposition = VIH | suivi VIH = PCR/charge virale VIH | lésion érosive indolore = syphilis, diagnostic par sérologie | syphilis active = TT positif + TNT positif | traitement = benzathine benzylpénicilline IM | déclaration obligatoire parmi les agents cités = VIH;"Ne pas oublier la double recherche Chlamydia/gonocoque ; ne pas diagnostiquer le gonocoque par sérologie ; ne pas confondre Chlamydia et gonocoque au Gram ; ne pas banaliser une primo-infection VIH ; ne pas confondre syphilis active avec cicatrice sérologique ; ne pas traiter la syphilis primaire par amoxicilline ou azithromycine en première intention.";Très haute;Non vu
CAS_2025_S2_PARA_001;2024-2025;S2;infectio 24_25 session 2.pdf;DP1 Parasito-myco;Parasitologie-Mycologie;Toxoplasmose chez femme enceinte non immunisée avec séroconversion, diagnostic fœtal et suivi de toxoplasmose congénitale;Toxoplasmose grossesse, séroconversion, toxoplasmose congénitale;Toxoplasma gondii, protozoaire, chat, oocyste, kyste, IgG, IgM, sérologie mensuelle, séroconversion, primo-infection, amniocentèse, PCR liquide amniotique, toxoplasmose congénitale, atteinte oculaire;Mme T., 32 ans, enceinte de 9 semaines d’aménorrhée, consulte pour sa première consultation de grossesse. Elle est initialement non immunisée contre la toxoplasmose. Le dossier explore les mesures de prévention chez la femme enceinte séronégative, le suivi sérologique mensuel, puis une apparition d’anticorps à 24 SA correspondant à une séroconversion et une primo-infection maternelle. Le cas aborde ensuite le risque fœtal selon le terme, la prise en charge par suivi échographique et traitement préventif, l’amniocentèse pour rechercher une infection fœtale, puis la surveillance prolongée d’une toxoplasmose congénitale et le diagnostic de réactivation chez les patients ayant une toxoplasmose ancienne.;Caractéristiques Toxoplasma gondii | mesures préventives femme enceinte non immunisée | suivi femme enceinte séronégative | risques primo-infection maternelle | définition séroconversion | modes de contamination | formes contaminantes | prise en charge primo-infection | examen invasif prénatal | conduite toxoplasmose congénitale confirmée | atteinte tardive à rechercher | diagnostic réactivation toxoplasmose ancienne;Correction PDF : Q1 ABE, Q2 ABDE, Q3 ABC, Q4 CE, Q5 séroconversion, Q6 ABCDE, Q7 AD, Q8 BE, Q9 amniocentèse, Q10 D, Q11 D, Q12 E.;Toxoplasma gondii = protozoaire, chat important, passage transplacentaire possible | prévention = lavage mains, viande cuite, éviter litière félins, éviter terre/jardinage | femme non immunisée = IgG/IgM + sérologie mensuelle | primo-infection = transmission faible mais gravité élevée au début, transmission élevée mais gravité moindre en fin de grossesse | apparition anticorps = séroconversion | contamination = crudités, viandes mouton/bœuf/porc insuffisamment cuites, litière chat | formes contaminantes = oocyste et kyste | primo-infection = suivi échographique mensuel + traitement préventif | diagnostic fœtal = amniocentèse | infection fœtale confirmée = suivi échographique mensuel | suivi enfant = recherche atteinte oculaire jusqu’âge adulte | réactivation = mise en évidence du toxoplasme dans un prélèvement biologique;"Ne pas classer Toxoplasma comme helminthe ; ne pas limiter la prévention au chat ; ne pas oublier les viandes insuffisamment cuites ; ne pas inverser gravité et transmission selon le terme ; ne pas demander PCR sanguine maternelle comme examen central ; ne pas oublier l’amniocentèse ; ne pas arrêter la surveillance oculaire si l’enfant est initialement asymptomatique ; ne pas diagnostiquer une réactivation par apparition d’IgM/IgG.";Très haute;Non vu
CAS_2025_S2_BACT_001;2024-2025;S2;infectio 24_25 session 2.pdf;DP2 Bactériologie-Hygiène;Bactériologie;Toux chronique avec amaigrissement et sueurs nocturnes révélant une tuberculose pulmonaire cavitaire;Tuberculose pulmonaire, BAAR, traitement antituberculeux, BCG/IGRA;M. tuberculosis, M. bovis, toux prolongée, perte de poids, sueurs nocturnes, caverne apicale, BAAR, PCR crachat, culture mycobactéries, milieux spéciaux, isoniazide, rifampicine, quadrithérapie, isolement Air, FFP2, déclaration ARS, BCG, IGRA, infection tuberculeuse latente;M.D., 57 ans, d’origine sénégalaise, vivant en France depuis 2013, consulte aux urgences pour une toux évoluant depuis 2 mois, une perte de poids d’environ 10 kg et des sueurs nocturnes. Après un traitement par amoxicilline-acide clavulanique sans amélioration, une radiographie thoracique montre une caverne à l’apex droit. Le dossier oriente vers une tuberculose pulmonaire maladie, explore les agents du complexe tuberculeux, la physiopathologie, le diagnostic mycobactériologique par BAAR/PCR/culture, le traitement antituberculeux, les mesures de prévention de transmission et le dépistage de l’entourage par IGRA.;Agents infection respiratoire communautaire | pathogènes évoqués après échec Augmentin | arguments tuberculose maladie | bactéries responsables tuberculose pulmonaire | physiopathologie tuberculose | acronyme BAAR | diagnostic microbiologique sur crachat | antituberculeux majeurs | traitement tuberculose | mesures prévention transmission | différence IDR/IGRA BCG | infection tuberculeuse latente;Correction PDF : Q1 ABE, Q2 ABC, Q3 ABCE, Q4 BE, Q5 AD, Q6 Bacille Acido-Alcoolo Résistants, Q7 BDE, Q8 isoniazide rifampicine, Q9 ABD, Q10 ACD, Q11 vaccination / BCG, Q12 C.;Infection respiratoire communautaire = influenza A, pneumocoque, SARS-CoV-2 | échec Augmentin = penser atypiques Chlamydia/Mycoplasma/Legionella | tuberculose = toux prolongée, amaigrissement, sueurs nocturnes, caverne apicale, origine géographique | agents = M. tuberculosis et M. bovis | transmission = Air | VIH augmente risque maladie | BAAR = bacille acido-alcoolo résistant | diagnostic = PCR crachat, examen direct avec contagiosité, culture sur milieux spéciaux | majeurs = isoniazide + rifampicine | traitement = quadrithérapie 2 mois puis bithérapie 4 mois | prévention = isolement Air, chambre individuelle, FFP2 soignants/visiteurs, déclaration ARS | IDR détecte aussi BCG/vaccination | IGRA positif + radio normale + asymptomatique = infection tuberculeuse latente;"Ne pas confondre infection respiratoire communautaire aiguë et tuberculose chronique ; ne pas oublier les atypiques après échec d’Augmentin ; ne pas dire que les cultures tuberculeuses poussent en 48h ; ne pas répondre rifampicine-éthambutol comme deux majeurs ; ne pas faire porter FFP2 au patient ; ne pas attribuer un IGRA positif au BCG ; ne pas rechercher des BAAR chez une personne asymptomatique avec radiographie normale.";Très haute;Non vu
CAS_2025_S2_VIRO_001;2024-2025;S2;infectio 24_25 session 2.pdf;DP3 Virologie;Virologie;Syndrome mononucléosique chez un étudiant avec primo-infection EBV, diagnostics différentiels CMV/VIH et éruption sous amoxicilline;Syndrome mononucléosique, EBV, CMV, VIH, mononucléose infectieuse;Syndrome mononucléosique, hyperlymphocytose, cellules mononucléées, EBV, CMV, VIH, toxoplasmose, ELISA VIH 4e génération, ARN VIH, PCR ADN VIH, IgM anti-VCA, IgG anti-VCA, IgG anti-EBNA, MNI test, IgM CMV, avidité IgG CMV, ADN CMV, éruption sous amoxicilline, transmission salivaire;Monsieur D., 20 ans, étudiant, consulte aux urgences pour une asthénie marquée et persistante depuis une dizaine de jours, associée à une fièvre modérée, des douleurs pharyngées, un malaise général, un érythème, une baisse d’appétit et des courbatures. La NFS montre une hyperlymphocytose à 6 G/L avec 60 % de cellules mononucléées, dont certaines hyperbasophiles. Le dossier explore la définition biologique du syndrome mononucléosique, les diagnostics à évoquer en priorité, les examens devant suspicion de primo-infection VIH, EBV ou CMV, puis confirme une mononucléose infectieuse à EBV. Il aborde aussi l’éruption sous amoxicilline, les anomalies biologiques associées, la transmission salivaire et les caractéristiques générales de l’EBV.;Définition syndrome mononucléosique | diagnostics prioritaires | examens primo-infection VIH | examens primo-infection EBV | examens primo-infection CMV | conclusion sérologie EBV | conséquence amoxicilline | anomalies biologiques MNI | mode de contamination EBV | caractéristiques EBV;Correction PDF : Q1 ABC, Q2 ABCE, Q3 ABDE, Q4 ABDE, Q5 ABCE, Q6 mononucléose infectieuse, Q7 éruption érythémateuse allergique, Q8 AB, Q9 transmission salivaire, Q10 A. Attention : pour Q10, la correction visible indique A seulement, bien que B et D soient classiquement vrais sur l’EBV.;Syndrome mononucléosique = hyperlymphocytose avec cellules mononucléées, parfois grandes et hyperbasophiles | diagnostics = EBV, CMV, VIH, toxoplasmose | primo-infection VIH = ELISA 4e génération, charge virale ARN VIH, PCR ADN VIH, TROD selon correction | EBV = IgM/IgG anti-VCA, IgG anti-EBNA, MNI test | CMV = IgM, IgG, avidité IgG, ADN viral sanguin | IgM VCA+ IgG VCA+ EBNA- = mononucléose infectieuse | amoxicilline dans MNI = éruption érythémateuse allergique | MNI = cytolyse hépatique et anticorps hétérophiles transitoires | contamination EBV = transmission salivaire | EBV = gammaherpèsvirus selon correction;"Ne pas réduire le syndrome mononucléosique à la clinique ; ne pas oublier VIH et CMV dans les diagnostics différentiels ; ne pas utiliser pp65 pour EBV ; ne pas conclure à une infection EBV ancienne si EBNA négatif ; ne pas oublier le piège amoxicilline-éruption ; ne pas répondre transmission féco-orale ; faire attention à la Q10 dont la correction visible semble restrictive.";Très haute;Non vu